time period,count period,rate period
1002049106,1863000,1859190.3219561377
999972553,2103000,2103057.722625313
999972921,1953000,1953052.8867191195
1000186650,1894000,1893646.5508712798
