time period,count period,rate period
1002924427,1966000,1960267.341260001
1000286091,1840000,1839473.7431173578
1000314140,1989000,1988375.3717607153
