time period,count period,rate period
1002052970,2000000,1995902.472101849
1000157965,2343000,2342629.9464605073
999936791,1773000,1773112.0766412525
