time period,count period,rate period
1008132908,1847000,1832099.7016794137
1000004248,1614000,1613993.1437571254
999983444,1928000,1928031.9204964756
999983586,1929000,1929031.6631257185
